{
  "timestamp": "2026-01-08T01:59:40.263455",
  "measurement_number": 36,
  "measurements": {
    "nose_width": 0.21765567362308502,
    "cheekbone_width": 0.056277815252542496,
    "nose_to_chin": 0.0031755752861499786
  },
  "processing_time_seconds": 0.060558319091796875,
  "vertex_indices": {
    "nose_left": 3632,
    "nose_right": 3325,
    "cheek_left": 4478,
    "cheek_right": 2051,
    "nose_base": 175,
    "chin": 152
  }
}