{
  "timestamp": "2026-01-08T01:59:39.624507",
  "measurement_number": 35,
  "measurements": {
    "nose_width": 0.2178272008895874,
    "cheekbone_width": 0.056172337383031845,
    "nose_to_chin": 0.0031406679190695286
  },
  "processing_time_seconds": 0.06188392639160156,
  "vertex_indices": {
    "nose_left": 3632,
    "nose_right": 3325,
    "cheek_left": 4478,
    "cheek_right": 2051,
    "nose_base": 175,
    "chin": 152
  }
}