{
  "timestamp": "2026-01-08T01:59:13.416059",
  "measurement_number": 22,
  "measurements": {
    "nose_width": 0.21847333014011383,
    "cheekbone_width": 0.05626744031906128,
    "nose_to_chin": 0.0031185538973659277
  },
  "processing_time_seconds": 0.07185745239257812,
  "vertex_indices": {
    "nose_left": 3632,
    "nose_right": 3325,
    "cheek_left": 4478,
    "cheek_right": 2051,
    "nose_base": 175,
    "chin": 152
  }
}