{
  "timestamp": "2026-01-08T01:59:10.896708",
  "measurement_number": 16,
  "measurements": {
    "nose_width": 0.21845579147338867,
    "cheekbone_width": 0.056104302406311035,
    "nose_to_chin": 0.0031577942427247763
  },
  "processing_time_seconds": 0.08524107933044434,
  "vertex_indices": {
    "nose_left": 3632,
    "nose_right": 3325,
    "cheek_left": 4478,
    "cheek_right": 2051,
    "nose_base": 175,
    "chin": 152
  }
}