{
  "timestamp": "2026-01-08T01:59:41.682969",
  "measurement_number": 39,
  "measurements": {
    "nose_width": 0.21815018355846405,
    "cheekbone_width": 0.05656849965453148,
    "nose_to_chin": 0.0031529664993286133
  },
  "processing_time_seconds": 0.07138657569885254,
  "vertex_indices": {
    "nose_left": 3632,
    "nose_right": 3325,
    "cheek_left": 4478,
    "cheek_right": 2051,
    "nose_base": 175,
    "chin": 152
  }
}