{
  "timestamp": "2026-01-08T01:59:40.829713",
  "measurement_number": 37,
  "measurements": {
    "nose_width": 0.2177196592092514,
    "cheekbone_width": 0.05639930069446564,
    "nose_to_chin": 0.0031397624406963587
  },
  "processing_time_seconds": 0.06338381767272949,
  "vertex_indices": {
    "nose_left": 3632,
    "nose_right": 3325,
    "cheek_left": 4478,
    "cheek_right": 2051,
    "nose_base": 175,
    "chin": 152
  }
}