{
  "timestamp": "2026-01-08T01:59:12.989009",
  "measurement_number": 21,
  "measurements": {
    "nose_width": 0.21866294741630554,
    "cheekbone_width": 0.05610956624150276,
    "nose_to_chin": 0.003144067246466875
  },
  "processing_time_seconds": 0.06909561157226562,
  "vertex_indices": {
    "nose_left": 3632,
    "nose_right": 3325,
    "cheek_left": 4478,
    "cheek_right": 2051,
    "nose_base": 175,
    "chin": 152
  }
}