{
  "timestamp": "2026-01-08T01:59:20.512689",
  "measurement_number": 28,
  "measurements": {
    "nose_width": 0.21540917456150055,
    "cheekbone_width": 0.057702481746673584,
    "nose_to_chin": 0.0031175361946225166
  },
  "processing_time_seconds": 0.2928755283355713,
  "vertex_indices": {
    "nose_left": 3632,
    "nose_right": 3325,
    "cheek_left": 4478,
    "cheek_right": 2051,
    "nose_base": 175,
    "chin": 152
  }
}