{
  "timestamp": "2026-01-08T02:00:44.871391",
  "measurement_number": 42,
  "measurements": {
    "nose_width": 0.21916034817695618,
    "cheekbone_width": 0.056391917169094086,
    "nose_to_chin": 0.0031654394697397947
  },
  "processing_time_seconds": 0.2310190200805664,
  "vertex_indices": {
    "nose_left": 3632,
    "nose_right": 3325,
    "cheek_left": 4478,
    "cheek_right": 2051,
    "nose_base": 175,
    "chin": 152
  }
}