{
  "timestamp": "2026-01-08T01:59:41.341282",
  "measurement_number": 38,
  "measurements": {
    "nose_width": 0.21854600310325623,
    "cheekbone_width": 0.05605831369757652,
    "nose_to_chin": 0.0031571662984788418
  },
  "processing_time_seconds": 0.06887936592102051,
  "vertex_indices": {
    "nose_left": 3632,
    "nose_right": 3325,
    "cheek_left": 4478,
    "cheek_right": 2051,
    "nose_base": 175,
    "chin": 152
  }
}