{
  "timestamp": "2026-01-08T01:59:14.687933",
  "measurement_number": 25,
  "measurements": {
    "nose_width": 0.21851718425750732,
    "cheekbone_width": 0.05661445111036301,
    "nose_to_chin": 0.0031115987803786993
  },
  "processing_time_seconds": 0.06216168403625488,
  "vertex_indices": {
    "nose_left": 3632,
    "nose_right": 3325,
    "cheek_left": 4478,
    "cheek_right": 2051,
    "nose_base": 175,
    "chin": 152
  }
}