{
  "timestamp": "2026-01-08T01:59:08.857832",
  "measurement_number": 11,
  "measurements": {
    "nose_width": 0.21729297935962677,
    "cheekbone_width": 0.0566721148788929,
    "nose_to_chin": 0.0031507581006735563
  },
  "processing_time_seconds": 0.06354427337646484,
  "vertex_indices": {
    "nose_left": 3632,
    "nose_right": 3325,
    "cheek_left": 4478,
    "cheek_right": 2051,
    "nose_base": 175,
    "chin": 152
  }
}