{
  "timestamp": "2026-01-08T01:59:09.680005",
  "measurement_number": 13,
  "measurements": {
    "nose_width": 0.21877573430538177,
    "cheekbone_width": 0.05623026192188263,
    "nose_to_chin": 0.003165193134918809
  },
  "processing_time_seconds": 0.08574819564819336,
  "vertex_indices": {
    "nose_left": 3632,
    "nose_right": 3325,
    "cheek_left": 4478,
    "cheek_right": 2051,
    "nose_base": 175,
    "chin": 152
  }
}