{
  "timestamp": "2026-01-08T01:59:10.078789",
  "measurement_number": 14,
  "measurements": {
    "nose_width": 0.21887969970703125,
    "cheekbone_width": 0.05628875643014908,
    "nose_to_chin": 0.003164765192195773
  },
  "processing_time_seconds": 0.08533358573913574,
  "vertex_indices": {
    "nose_left": 3632,
    "nose_right": 3325,
    "cheek_left": 4478,
    "cheek_right": 2051,
    "nose_base": 175,
    "chin": 152
  }
}