{
  "timestamp": "2026-01-07T22:01:26.814979",
  "measurement_number": 11,
  "measurements": {
    "nose_width": 0.21722374856472015,
    "cheekbone_width": 0.05576958879828453,
    "nose_to_chin": 0.0031169422436505556
  },
  "processing_time_seconds": 0.42310523986816406,
  "vertex_indices": {
    "nose_left": 3632,
    "nose_right": 3325,
    "cheek_left": 4478,
    "cheek_right": 2051,
    "nose_base": 175,
    "chin": 152
  }
}