{
  "timestamp": "2026-01-07T22:01:47.187551",
  "measurement_number": 13,
  "measurements": {
    "nose_width": 0.21583440899848938,
    "cheekbone_width": 0.05591345205903053,
    "nose_to_chin": 0.0030230144038796425
  },
  "processing_time_seconds": 0.46471261978149414,
  "vertex_indices": {
    "nose_left": 3632,
    "nose_right": 3325,
    "cheek_left": 4478,
    "cheek_right": 2051,
    "nose_base": 175,
    "chin": 152
  }
}