{
  "timestamp": "2026-01-07T22:00:49.949843",
  "measurement_number": 4,
  "measurements": {
    "nose_width": 0.21699555218219757,
    "cheekbone_width": 0.05616470053792,
    "nose_to_chin": 0.0031023055780678988
  },
  "processing_time_seconds": 0.42534732818603516,
  "vertex_indices": {
    "nose_left": 3632,
    "nose_right": 3325,
    "cheek_left": 4478,
    "cheek_right": 2051,
    "nose_base": 175,
    "chin": 152
  }
}