{
  "timestamp": "2026-01-07T22:01:40.646946",
  "measurement_number": 12,
  "measurements": {
    "nose_width": 0.2162678837776184,
    "cheekbone_width": 0.05532214045524597,
    "nose_to_chin": 0.0030770162120461464
  },
  "processing_time_seconds": 0.449383020401001,
  "vertex_indices": {
    "nose_left": 3632,
    "nose_right": 3325,
    "cheek_left": 4478,
    "cheek_right": 2051,
    "nose_base": 175,
    "chin": 152
  }
}