{
  "timestamp": "2026-01-07T22:00:21.969066",
  "measurement_number": 1,
  "measurements": {
    "nose_width": 0.21724964678287506,
    "cheekbone_width": 0.05589623749256134,
    "nose_to_chin": 0.0031267430167645216
  },
  "processing_time_seconds": 6.939157485961914,
  "vertex_indices": {
    "nose_left": 3632,
    "nose_right": 3325,
    "cheek_left": 4478,
    "cheek_right": 2051,
    "nose_base": 175,
    "chin": 152
  }
}