{
  "timestamp": "2026-01-07T22:01:06.625116",
  "measurement_number": 7,
  "measurements": {
    "nose_width": 0.2170202136039734,
    "cheekbone_width": 0.05578622967004776,
    "nose_to_chin": 0.0031434851698577404
  },
  "processing_time_seconds": 0.42856526374816895,
  "vertex_indices": {
    "nose_left": 3632,
    "nose_right": 3325,
    "cheek_left": 4478,
    "cheek_right": 2051,
    "nose_base": 175,
    "chin": 152
  }
}