{
  "timestamp": "2026-01-08T21:16:13.819929",
  "measurement_number": 11,
  "measurements_mm": {
    "nose_width": 50.67535185038061,
    "cheekbone_width": 236.81521302433922,
    "nose_to_chin": 154.00774077388442
  },
  "measurements_flame": {
    "nose_width": 0.20125891268253326,
    "cheekbone_width": 0.9405198097229004,
    "nose_to_chin": 0.6116470694541931
  },
  "calibration": {
    "ipd_mm": 63.0,
    "conversion_factor": 251.79183955105702
  },
  "processing_time_seconds": 0.10804486274719238,
  "landmark_indices": {
    "nose_left": 31,
    "nose_right": 35,
    "cheek_left": 4,
    "cheek_right": 12,
    "subnasale": 33,
    "chin": 8
  }
}