{
  "timestamp": "2026-01-08T21:16:12.207569",
  "measurement_number": 9,
  "measurements_mm": {
    "nose_width": 50.67176891239923,
    "cheekbone_width": 234.7230581398441,
    "nose_to_chin": 151.98516175294267
  },
  "measurements_flame": {
    "nose_width": 0.20371447503566742,
    "cheekbone_width": 0.9436513781547546,
    "nose_to_chin": 0.6110222339630127
  },
  "calibration": {
    "ipd_mm": 63.0,
    "conversion_factor": 248.73916742306773
  },
  "processing_time_seconds": 0.09251713752746582,
  "landmark_indices": {
    "nose_left": 31,
    "nose_right": 35,
    "cheek_left": 4,
    "cheek_right": 12,
    "subnasale": 33,
    "chin": 8
  }
}