{
  "timestamp": "2026-01-08T21:16:11.408099",
  "measurement_number": 8,
  "measurements_mm": {
    "nose_width": 50.88664536121841,
    "cheekbone_width": 234.84677902859502,
    "nose_to_chin": 150.5967342885619
  },
  "measurements_flame": {
    "nose_width": 0.20512893795967102,
    "cheekbone_width": 0.9466898441314697,
    "nose_to_chin": 0.6070698499679565
  },
  "calibration": {
    "ipd_mm": 63.0,
    "conversion_factor": 248.0715098872246
  },
  "processing_time_seconds": 0.23553729057312012,
  "landmark_indices": {
    "nose_left": 31,
    "nose_right": 35,
    "cheek_left": 4,
    "cheek_right": 12,
    "subnasale": 33,
    "chin": 8
  }
}