{
  "timestamp": "2026-01-08T21:05:49.618397",
  "measurement_number": 4,
  "measurements": {
    "nose_width": 0.21970738470554352,
    "cheekbone_width": 0.05729333683848381,
    "nose_to_chin": 0.003105437383055687
  },
  "processing_time_seconds": 0.20903611183166504,
  "vertex_indices": {
    "nose_left": 3632,
    "nose_right": 3325,
    "cheek_left": 4478,
    "cheek_right": 2051,
    "nose_base": 175,
    "chin": 152
  }
}