{
  "timestamp": "2026-01-14T20:32:36.444249",
  "measurement_number": 1,
  "measurements_mm": {
    "nose_width": 26.49170522671915,
    "cheekbone_width": 126.975133128145,
    "nose_to_chin": 81.3386514799383
  },
  "measurements_flame": {
    "nose_width": 0.22624796628952026,
    "cheekbone_width": 1.0844098329544067,
    "nose_to_chin": 0.6946591138839722
  },
  "calibration": {
    "ipd_mm": 63.0,
    "conversion_factor": 117.09146235073247
  },
  "processing_time_seconds": 10.88481879234314,
  "landmark_indices": {
    "nose_left": 31,
    "nose_right": 35,
    "cheek_left": 4,
    "cheek_right": 12,
    "subnasale": 33,
    "chin": 8
  }
}